id,white_win_prob,draw_prob,black_win_prob,confidence
6,0.5256356360621879,0.03474587528244542,0.4396184886553667,0.6068063113071879
16,0.5082870876764725,0.053766603125762126,0.4379463091977655,0.5988195386506463
24,0.48653039249758634,0.03379588573312437,0.47967372176928935,0.5888033820081394
31,0.5379527532436761,0.03317838669237495,0.4288688600639491,0.6124767577633033
34,0.5044919550203879,0.04646317614417808,0.44904486883543415,0.5970723687404237
47,0.5233802326096785,0.043615630151928715,0.4330041372383928,0.605767988432935
51,0.5044919550203879,0.04646317614417808,0.44904486883543415,0.5970723687404237
53,0.5309947283892656,0.03801316916841284,0.4309921024423216,0.6092734832636052
59,0.4678362350485263,0.03760090535366789,0.4945628595978059,0.5925012988121428
60,0.5187141656199067,0.04096847977718857,0.4403173546029048,0.603619865407369
65,0.502065226872735,0.040738249004036324,0.45719652412322864,0.5959551729045754
66,0.5361654618910237,0.039327449602463774,0.42450708850651253,0.6116539402348702
68,0.5135425256323222,0.033801153863681155,0.4526563205039966,0.601238991116104
78,0.4870859492484174,0.03975849695630127,0.47315555379528135,0.5890591443559764
79,0.49066613907682355,0.047551570108649265,0.46178229081452715,0.5907073607710331
85,0.5159489754163118,0.03740263908246164,0.44664838550122665,0.6023468513766164
89,0.5075207965923579,0.03777337418519705,0.45470582922244507,0.5984667602774081
90,0.487514528782639,0.02669443970327985,0.4857910315140811,0.5892564500457074
98,0.46876825060043675,0.04829298863411394,0.4829387607654493,0.5871498980697243
101,0.5058029963065385,0.032284911038070206,0.46191209265539135,0.5976759344372774
104,0.462137413767512,0.04835797442459804,0.48950461180789,0.5901726270270282
111,0.48460650005494826,0.03180610722153745,0.4835873927235143,0.5879176772671225
113,0.5381591759022992,0.03256112899624338,0.42927969510145736,0.6125717888177136
115,0.4979958964226302,0.041531662986509205,0.46047244059086057,0.5940817702171154
119,0.49065335559380224,0.04003558861411797,0.4693110557920798,0.5907014756231591
124,0.5381591759022992,0.03256112899624338,0.42927969510145736,0.6125717888177136
132,0.5187141656199067,0.04096847977718857,0.4403173546029048,0.603619865407369
135,0.5207006279346199,0.03766278880881985,0.4416365832565603,0.6045343755177057
144,0.5027955970331044,0.035167664193469034,0.46203673877342666,0.5962914143177644
148,0.5322795186962802,0.03705464969463183,0.430665831609088,0.6098649637647579
149,0.5097913626801497,0.046718253900959295,0.44349038341889113,0.5995120635928012
162,0.5129551392011579,0.0371229939138163,0.44992186688502595,0.6009685752990026
163,0.48916741484770254,0.0409588068889278,0.4698737782633696,0.5900173912458194
164,0.512084489996476,0.042994869456049294,0.44492064054747477,0.6005677534488518
168,0.5309947283892656,0.03801316916841284,0.4309921024423216,0.6092734832636052
189,0.48694096272864057,0.04241431983492343,0.47064471743643604,0.5889923967327185
197,0.5840985620317197,0.03361827851388173,0.3822831594543986,0.6337209607737295
199,0.5098393772439768,0.03823575160574944,0.4519248711502739,0.599534168116878
205,0.5129551392011579,0.0371229939138163,0.44992186688502595,0.6009685752990026
213,0.48694096272864057,0.04241431983492343,0.47064471743643604,0.5889923967327185
216,0.515625839738196,0.041451894612293365,0.44292226564951065,0.6021980890052093
218,0.5377211247812074,0.035856042625316276,0.42642283259347646,0.6123701226818319
228,0.506448676050406,0.04786258639547964,0.4456887375541145,0.5979731868187763
229,0.5129551392011579,0.0371229939138163,0.44992186688502595,0.6009685752990026
233,0.47449923010580525,0.03947110019405022,0.4860296697001445,0.5885728636351781
236,0.46926254510865034,0.016941890629449202,0.5137955642619004,0.6013554828226625
247,0.5187141656199067,0.04096847977718857,0.4403173546029048,0.603619865407369
252,0.5047941425271044,0.04004760303954153,0.455158254433354,0.5972114871762797
258,0.5121182648194879,0.038997598158893455,0.44888413702161867,0.6005833024058547
260,0.4528718504362663,0.045494138998377245,0.5016340105653565,0.5957566533203281
264,0.43451728033223025,0.03900215332140978,0.52648056634636,0.6071952929061247
272,0.5129551392011579,0.0371229939138163,0.44992186688502595,0.6009685752990026
274,0.5274397559830847,0.038271409923594284,0.4342888340933211,0.6076368762243773
285,0.4998774301306744,0.03890977487727839,0.46121279499204715,0.594947974215148
294,0.48515055726868817,0.041933319971975365,0.4729161227593365,0.5881681455588599
310,0.5218998852858527,0.03991415823600132,0.43818595647814595,0.6050864791063189
316,0.5034391110757972,0.04173073968438602,0.4548301492398168,0.5965876696727377
329,0.5023112699181622,0.0401033991654305,0.4575853309164073,0.5960684440454144
332,0.5381591759022992,0.03256112899624338,0.42927969510145736,0.6125717888177136
337,0.5049362787088887,0.03754272079608447,0.457521000495027,0.5972769225859139
341,0.4591444504063981,0.04047144196102342,0.5003841076325786,0.5951812339627603
343,0.4741617739495673,0.04254930889801863,0.48328891715241407,0.5873110999982514
347,0.45214577778347165,0.04395407622950827,0.5039001459870202,0.5967999168844812
351,0.5271102154572458,0.0444104228050004,0.4284793617377538,0.6074851652453102
352,0.48001855201195237,0.038239146038606994,0.4817423019494407,0.5865990828462302
354,0.49065335559380224,0.04003558861411797,0.4693110557920798,0.5907014756231591
359,0.5085036634974317,0.029275644975333394,0.4622206915272349,0.5989192439289467
367,0.5381591759022992,0.03256112899624338,0.42927969510145736,0.6125717888177136
377,0.49381058761715035,0.04537586748097095,0.46081354490187865,0.5921549744308863
384,0.4865965642361654,0.04202766816983103,0.4713757675940037,0.5888338455731922
385,0.5154819396556805,0.03665421187878981,0.44786384846552973,0.6021318415464159
393,0.5067735957633295,0.03486857757147773,0.45835782666519287,0.5981227705084922
396,0.5326763266160379,0.036094603201697016,0.4312290701822651,0.6100476427170805
398,0.5421877433240142,0.04318688530146639,0.4146253713745195,0.6144264253794262
399,0.5187141656199067,0.04096847977718857,0.4403173546029048,0.603619865407369
410,0.5023112699181622,0.0401033991654305,0.4575853309164073,0.5960684440454144
412,0.5023149858470896,0.04181441661669774,0.45587059753621273,0.5960701547522061
415,0.48694096272864057,0.04241431983492343,0.47064471743643604,0.5889923967327185
442,0.5048415677425943,0.03315357526564472,0.46200485699176097,0.5972333203813343
456,0.48916741484770254,0.0409588068889278,0.4698737782633696,0.5900173912458194
457,0.5187141656199067,0.04096847977718857,0.4403173546029048,0.603619865407369
479,0.5060278330041931,0.04169886001357166,0.4522733069822352,0.5977794427855894
491,0.5052304115005989,0.04920534000393066,0.4455642484954705,0.5974123328626699
494,0.4766824730987205,0.04928920813399664,0.47402831876728285,0.5842696831861994
501,0.5008106700248258,0.04243260816780402,0.45675672180737015,0.5953776110183482
504,0.48916741484770254,0.0409588068889278,0.4698737782633696,0.5900173912458194
506,0.5099268000246475,0.04341738449144203,0.4466558154839104,0.5995744150504367
511,0.5287868666644253,0.03483637991041305,0.4363767534251617,0.6082570472332628
512,0.5061279535669136,0.04044589058213088,0.45342615585095547,0.59782553541276
523,0.49066613907682355,0.047551570108649265,0.46178229081452715,0.5907073607710331
537,0.5393041710698555,0.029566231094564945,0.4311295978355796,0.6130989116577802
539,0.4927891486543475,0.050240687644750266,0.45697016370090227,0.5916847333134705
544,0.502913875111796,0.028406273979242,0.4686798509089621,0.5963458661429984
549,0.47679302957306885,0.039589440879839614,0.48361752954709153,0.587462383692429
551,0.5499667614575254,0.04127219508907302,0.40876104345340164,0.6180076615694594
552,0.48694096272864057,0.04241431983492343,0.47064471743643604,0.5889923967327185
555,0.5159489754163118,0.03740263908246164,0.44664838550122665,0.6023468513766164
566,0.5400531327653194,0.03891940080556381,0.4210274664291168,0.6134437120789528
570,0.5240825598361051,0.036345905524080103,0.4395715346398148,0.6060913196859744
577,0.49219944381850755,0.03908394518543279,0.46871661099605966,0.5914132501695439
580,0.5153909727322081,0.03583163770870462,0.4487773895590873,0.6020899629914563
587,0.4707406238776471,0.041224624611639726,0.48803475151071324,0.5894959456258284
588,0.48515055726868817,0.041933319971975365,0.4729161227593365,0.5881681455588599
590,0.46087478204030397,0.03624595780171551,0.5028792601579805,0.5963299304139394
592,0.5206155496465433,0.044067201703611496,0.4353172486498452,0.6044952079210995
597,0.5265167983716412,0.03510909539477307,0.43837410623358575,0.6072119730883725
611,0.515625839738196,0.041451894612293365,0.44292226564951065,0.6021980890052093
612,0.5251424921212752,0.03429711862631008,0.4405603892524147,0.6065792820217715
614,0.523451051713077,0.03647486254190033,0.4400740857450226,0.605800591511072
615,0.48916741484770254,0.0409588068889278,0.4698737782633696,0.5900173912458194
621,0.5062851109668051,0.0332202249578538,0.46049466407534123,0.5978978861591348
626,0.48916741484770254,0.0409588068889278,0.4698737782633696,0.5900173912458194
635,0.48515055726868817,0.041933319971975365,0.4729161227593365,0.5881681455588599
637,0.5475883296603138,0.03509385980135795,0.4173178105383283,0.6169126999841398
642,0.5460818442243662,0.03550366433017839,0.4184144914454554,0.6162191574225493
647,0.5466065969758817,0.03672875256836099,0.4166646504557574,0.6164607384951595
659,0.5381591759022992,0.03256112899624338,0.42927969510145736,0.6125717888177136
674,0.5373456645974976,0.03219159295036091,0.43046274245214156,0.6121972716131314
684,0.5265167983716412,0.03510909539477307,0.43837410623358575,0.6072119730883725
700,0.5187141656199067,0.04096847977718857,0.4403173546029048,0.603619865407369
703,0.5276052893992388,0.03647901916664449,0.4359156914341167,0.6077130830477087
707,0.4766824730987205,0.04928920813399664,0.47402831876728285,0.5842696831861994
710,0.5240825598361051,0.036345905524080103,0.4395715346398148,0.6060913196859744
715,0.515625839738196,0.041451894612293365,0.44292226564951065,0.6021980890052093
717,0.5326763266160379,0.036094603201697016,0.4312290701822651,0.6100476427170805
718,0.5187141656199067,0.04096847977718857,0.4403173546029048,0.603619865407369
720,0.5393234353953029,0.041238074888328466,0.41943848971636866,0.6131077803990898
722,0.4847057338497399,0.06077686878886389,0.4545173973613962,0.587963361651846
723,0.5108752958493776,0.042742094143568776,0.4463826100070536,0.6000110752452479
732,0.4933872551102328,0.053002882008691465,0.4536098628810758,0.5919600843215986
734,0.5120998845728018,0.04075793451988981,0.4471421809073084,0.6005748406689768
739,0.5080567255825068,0.0331947820040531,0.45874849241344007,0.5987134865688074
741,0.515625839738196,0.041451894612293365,0.44292226564951065,0.6021980890052093
742,0.4921682746177506,0.03535291686096255,0.4724788085212869,0.5913989007660782
747,0.5064733558305394,0.041414674855081844,0.4521119693143787,0.5979845486796512
752,0.48916741484770254,0.0409588068889278,0.4698737782633696,0.5900173912458194
757,0.5273503245423445,0.03954548130455575,0.43310419415309986,0.6075957045615006
764,0.5495487205929624,0.03438935970164383,0.41606191970539375,0.6178152075801011
772,0.4880859216847959,0.04228463727545102,0.4696294410397531,0.5895195029020978
774,0.5193557184745327,0.03965089402441833,0.440993387501049,0.6039152178877686
778,0.528791519050707,0.04885627418470755,0.42235220676458557,0.6082591890580838
780,0.5318432573689548,0.03563769136716138,0.4325190512638839,0.6096641215984439
783,0.47314010982161414,0.03651697649914912,0.49034291367923677,0.5905585570953624
784,0.5302898481326601,0.033226015520281746,0.43648413634705824,0.6089489766689077
788,0.5481326845184271,0.03498608609155385,0.41688122939001904,0.617163305302785
797,0.5047941425271044,0.04004760303954153,0.455158254433354,0.5972114871762797
798,0.5286384637413774,0.0425569253200644,0.42880461093855826,0.6081887267962096
800,0.5287868666644253,0.03483637991041305,0.4363767534251617,0.6082570472332628
802,0.46968760547727867,0.04453893248338627,0.485773462039335,0.5884549129977961
810,0.48916741484770254,0.0409588068889278,0.4698737782633696,0.5900173912458194
823,0.5135536546246038,0.03981930601702693,0.4466270393583694,0.6012441145840319
824,0.5373456645974976,0.03219159295036091,0.43046274245214156,0.6121972716131314
827,0.5326763266160379,0.036094603201697016,0.4312290701822651,0.6100476427170805
829,0.5067713161809292,0.048265569007861206,0.44496311481120965,0.5981217210543258
834,0.49065335559380224,0.04003558861411797,0.4693110557920798,0.5907014756231591
835,0.43993938900247864,0.04545273256154767,0.5146078784359737,0.6017294489026921
843,0.5373456645974976,0.03219159295036091,0.43046274245214156,0.6121972716131314
851,0.5269239071132693,0.04637065271920554,0.4267054401675252,0.6073993942427874
855,0.5109054593557287,0.0401681614423544,0.44892637920191697,0.6000249616559374
869,0.56790335801849,0.04035529128715917,0.3917413506943509,0.6262651546910445
876,0.5287868666644253,0.03483637991041305,0.4363767534251617,0.6082570472332628
881,0.47792023768065645,0.0541074200445226,0.467972342274821,0.5848395143961918
888,0.5047114540589641,0.03900319890566298,0.456285347035373,0.5971734197840304
899,0.5109054593557287,0.0401681614423544,0.44892637920191697,0.6000249616559374
903,0.4900946540150654,0.04640298128044467,0.46350236470449,0.5904442654870133
909,0.5061429055404161,0.04086044319754455,0.45299665126203936,0.5978324188712762
916,0.5074769712386908,0.03525854597983591,0.45726448278147325,0.5984465843451889
918,0.47449923010580525,0.03947110019405022,0.4860296697001445,0.5885728636351781
931,0.5265167983716412,0.03510909539477307,0.43837410623358575,0.6072119730883725
940,0.523451051713077,0.03647486254190033,0.4400740857450226,0.605800591511072
941,0.49677260406307655,0.0393041523336368,0.46392324360328674,0.5935186016020234
954,0.45842536188778177,0.04208358274821078,0.4994910553640075,0.5947700983864053
983,0.500313703144364,0.0428878046686436,0.4567984921869924,0.5951488217615278
988,0.5381591759022992,0.03256112899624338,0.42927969510145736,0.6125717888177136
991,0.527750041576534,0.040092716327870426,0.4321572420955955,0.6077797227864288
992,0.4880859216847959,0.04228463727545102,0.4696294410397531,0.5895195029020978
993,0.546521361368564,0.03301988229456262,0.42045875633687335,0.6164214984732997
994,0.4989014792754173,0.03759309446532503,0.4635054262592577,0.5944986745140091
1001,0.4982058198220416,0.036770880601487345,0.46502329957647115,0.5941784129118879
1016,0.43508270756278844,0.029529639972381054,0.5353876524648304,0.6112958591482569
1029,0.4952502510935936,0.04242257784659437,0.462327171059812,0.5928177540844131
1034,0.4880859216847959,0.04228463727545102,0.4696294410397531,0.5895195029020978
1036,0.5187141656199067,0.04096847977718857,0.4403173546029048,0.603619865407369
1037,0.46175445349229566,0.05031745580639149,0.4879280907013128,0.5894468420572125
1040,0.506393105547704,0.03867979665441792,0.4549270977978781,0.5979476037577834
1047,0.5251424921212752,0.03429711862631008,0.4405603892524147,0.6065792820217715
1057,0.5233059585175027,0.036252138064589864,0.44044190341790757,0.6057337947773455
1058,0.49987576386536925,0.03682186957205369,0.4633023665625772,0.5949472071145306
1068,0.503251591191745,0.03808954446807975,0.4586588643401752,0.5965013409120132
1093,0.47314010982161414,0.03651697649914912,0.49034291367923677,0.5905585570953624
1109,0.48694096272864057,0.04241431983492343,0.47064471743643604,0.5889923967327185
1110,0.49987576386536925,0.03682186957205369,0.4633023665625772,0.5949472071145306
1114,0.546521361368564,0.03301988229456262,0.42045875633687335,0.6164214984732997
1136,0.4917372068059869,0.043596001399480895,0.4646667917945322,0.5912004495449406
1145,0.5293467220415177,0.03868313834740679,0.43197013961107567,0.6085147885449832
1150,0.5475883296603138,0.03509385980135795,0.4173178105383283,0.6169126999841398
1161,0.4880859216847959,0.04228463727545102,0.4696294410397531,0.5895195029020978
1163,0.5302898481326601,0.033226015520281746,0.43648413634705824,0.6089489766689077
1171,0.5003070134882228,0.03541773314466855,0.4642752533671086,0.5951457420362642
1173,0.5381591759022992,0.03256112899624338,0.42927969510145736,0.6125717888177136
1187,0.5154819396556805,0.03665421187878981,0.44786384846552973,0.6021318415464159
1192,0.5605387819693148,0.027254104807221194,0.41220711322346404,0.6228747157154697
1194,0.5697948978463212,0.042134195946726204,0.3880709062069526,0.6271359652188071
1198,0.48515055726868817,0.041933319971975365,0.4729161227593365,0.5881681455588599
1207,0.5193030302694263,0.03463643815157884,0.446060531578995,0.6038909617536812
1210,0.4954334656449643,0.03717978656499685,0.46738674779003886,0.5929021007938112
1211,0.5135536546246038,0.03981930601702693,0.4466270393583694,0.6012441145840319
1213,0.515625839738196,0.041451894612293365,0.44292226564951065,0.6021980890052093
1216,0.48694096272864057,0.04241431983492343,0.47064471743643604,0.5889923967327185
1217,0.43164653386857754,0.03746363110001864,0.5308898350314039,0.6092251933788381
1218,0.503179114255937,0.047309149621271515,0.4495117361227916,0.5964679746155214
1225,0.5266061873122707,0.033006316705251317,0.44038749598247795,0.6072531251854209
1230,0.5352791085952481,0.036742228957947654,0.42797866244680427,0.6112458886728983
1240,0.515625839738196,0.041451894612293365,0.44292226564951065,0.6021980890052093
1243,0.5032330594055667,0.03771906322947972,0.45904787736495356,0.5964928094107121
1245,0.4847057338497399,0.06077686878886389,0.4545173973613962,0.587963361651846
1254,0.4934301250213666,0.03455918277437937,0.47201069220425407,0.5919798203955582
1259,0.49830518735906604,0.03662472466908693,0.4650700879718471,0.5942241588676884
1261,0.515625839738196,0.041451894612293365,0.44292226564951065,0.6021980890052093
1262,0.48694096272864057,0.04241431983492343,0.47064471743643604,0.5889923967327185
1266,0.515625839738196,0.041451894612293365,0.44292226564951065,0.6021980890052093
1269,0.4943103234673947,0.03635367094767552,0.4693360055849298,0.5923850384417467
1275,0.5169064299501757,0.03320087882524231,0.4498926912245821,0.602787635903421
1280,0.4880859216847959,0.04228463727545102,0.4696294410397531,0.5895195029020978
1292,0.49704876270236986,0.047225757809442895,0.4557254794881872,0.593645737096022
1298,0.5293467220415177,0.03868313834740679,0.43197013961107567,0.6085147885449832
1299,0.5495487205929624,0.03438935970164383,0.41606191970539375,0.6178152075801011
1304,0.5168453502892733,0.03962803528178297,0.44352661442894387,0.6027595165844601
1309,0.5381591759022992,0.03256112899624338,0.42927969510145736,0.6125717888177136
1313,0.5131075707623919,0.039832915595893775,0.4470595136417144,0.6010387504051954
1314,0.5129551392011579,0.0371229939138163,0.44992186688502595,0.6009685752990026
1321,0.502065226872735,0.040738249004036324,0.45719652412322864,0.5959551729045754
1348,0.5097362535713982,0.03745636887208559,0.4528073775565163,0.5994866929443113
1353,0.5293381757848469,0.04828457666896152,0.42237724754619166,0.6085108540942398
1370,0.49076592257354656,0.04678385469151751,0.46245022273493597,0.5907532982227139
1377,0.462137413767512,0.04835797442459804,0.48950461180789,0.5901726270270282
1384,0.5027871388352836,0.04001251465211101,0.4572003465126055,0.5962875204067826
1388,0.48515055726868817,0.041933319971975365,0.4729161227593365,0.5881681455588599
1400,0.5120121214409977,0.018618239801990025,0.4693696387570123,0.6005344370475463
1412,0.44449674504215103,0.03302390196059336,0.5224793529972556,0.6053532493726191
1428,0.5840985620317197,0.03361827851388173,0.3822831594543986,0.6337209607737295
1444,0.49985345472124854,0.03370550854979188,0.46644103672895965,0.5949369366262861
1450,0.5318432573689548,0.03563769136716138,0.4325190512638839,0.6096641215984439
1452,0.5326763266160379,0.036094603201697016,0.4312290701822651,0.6100476427170805
1454,0.5446703242072173,0.033416153142352294,0.42191352265043053,0.6155693342081524
1473,0.5312916273722004,0.03181043270984838,0.43689793991795134,0.6094101670152331
1481,0.5187141656199067,0.04096847977718857,0.4403173546029048,0.603619865407369
1496,0.5131075707623919,0.039832915595893775,0.4470595136417144,0.6010387504051954
1499,0.5381591759022992,0.03256112899624338,0.42927969510145736,0.6125717888177136
1505,0.5129551392011579,0.0371229939138163,0.44992186688502595,0.6009685752990026
1513,0.4880580236930912,0.041744866978713054,0.47019710932819575,0.5895066594691853
1515,0.484668971889095,0.03506693480275483,0.4802640933081502,0.5879464375026001
1518,0.5176801063229634,0.044080731378218496,0.4382391622988182,0.6031438142511311
1521,0.48967283837263287,0.044697561941378874,0.46562959968598827,0.5902500736985029
1532,0.5142074251633008,0.03683045814608562,0.4489621166906136,0.6015450917347437
1538,0.5129551392011579,0.0371229939138163,0.44992186688502595,0.6009685752990026
1545,0.4593519097430336,0.042150373207695664,0.49849771704927076,0.5943127939990615
1548,0.5384431895869327,0.03332853868941725,0.4282282717236501,0.6127025405486413
1554,0.5085036634974317,0.029275644975333394,0.4622206915272349,0.5989192439289467
1555,0.49494773138830317,0.03672469257946182,0.46832757603223496,0.5926784827138892
1559,0.5116223470654302,0.048827907066261535,0.43954974586830836,0.6003549961366533
1563,0.5176801063229634,0.044080731378218496,0.4382391622988182,0.6031438142511311
1565,0.5094896452737852,0.026486609601219187,0.46402374512499567,0.5993731615776252
1571,0.5004142357949503,0.04092819782996191,0.4586575663750878,0.5951951041020984
1598,0.4945841602551955,0.04198221806589192,0.46343362167891256,0.5925111050221048
1599,0.4528718504362663,0.045494138998377245,0.5016340105653565,0.5957566533203281
1608,0.5081537878288367,0.037853181554192775,0.45399303061697055,0.5987581712350823
1611,0.5480435611296686,0.03436326646138293,0.41759317240894855,0.6171222754581795
1613,0.48059043473338753,0.03457603544468529,0.4848335298219272,0.588022195241469
1617,0.5055231329209069,0.042889600988599806,0.45158726609049327,0.5975470933846294
1620,0.5058029963065385,0.032284911038070206,0.46191209265539135,0.5976759344372774
1630,0.5251424921212752,0.03429711862631008,0.4405603892524147,0.6065792820217715
1631,0.503505439252773,0.03862670718579985,0.45786785356142723,0.5966182052575284
1644,0.48081405125743903,0.03242537616825736,0.4867605725743036,0.5889093502944728
1655,0.49450692200939284,0.04495223379041503,0.46054084420019215,0.5924755467554474
1658,0.49974991049471684,0.03368021559361075,0.4665698739116725,0.5948892678427764
1663,0.5170491797471841,0.0317552872915631,0.4511955329612528,0.6028533538038543
1674,0.4866403017003833,0.04718557701831546,0.46617412128130126,0.5888539810436371
1678,0.5103415117135733,0.03885280979429942,0.45080567849212727,0.5997653363830935
1695,0.5460818442243662,0.03550366433017839,0.4184144914454554,0.6162191574225493
1702,0.5041733840638698,0.03442255946109978,0.46140405647503047,0.5969257078355389
1706,0.5129551392011579,0.0371229939138163,0.44992186688502595,0.6009685752990026
1717,0.4928904083883781,0.036997910005833544,0.47011168160578837,0.5917313503823447
1720,0.5302898481326601,0.033226015520281746,0.43648413634705824,0.6089489766689077
1727,0.4927891486543475,0.050240687644750266,0.45697016370090227,0.5916847333134705
1733,0.5293467220415177,0.03868313834740679,0.43197013961107567,0.6085147885449832
1738,0.5475883296603138,0.03509385980135795,0.4173178105383283,0.6169126999841398
1740,0.5195182999806667,0.03592390378065352,0.4445577962386799,0.6039900657366364
1743,0.5270285486350358,0.041044457984343564,0.43192699338062074,0.6074475681894602
1750,0.5373456645974976,0.03219159295036091,0.43046274245214156,0.6121972716131314
1756,0.5297257158826431,0.038463712572750525,0.4318105715446065,0.6086892664079144
1757,0.5296406185187461,0.0450981034951058,0.4252612779861481,0.6086500900293492
1768,0.5600256490855047,0.018306298717919185,0.4216680521965761,0.6226384840957129
1769,0.5025628189334505,0.03572323848711246,0.4617139425794371,0.5961842499764016
1770,0.5234050374418164,0.019365944216659284,0.4572290183415243,0.6057794078641556
1782,0.4987122369041011,0.03782946999337291,0.46345829310252595,0.5944115527696947
1784,0.5495487205929624,0.03438935970164383,0.41606191970539375,0.6178152075801011
1791,0.5064733558305394,0.041414674855081844,0.4521119693143787,0.5979845486796512
1801,0.4942347730883133,0.034921505116189494,0.47084372179549716,0.5923502572203775
1805,0.49066613907682355,0.047551570108649265,0.46178229081452715,0.5907073607710331
1807,0.47117978902208746,0.037103523687877726,0.49171668729003487,0.5911910029500275
1820,0.47039350561734755,0.04586284624304329,0.48374364813960913,0.5875204450647009
1828,0.5135425256323222,0.033801153863681155,0.4526563205039966,0.601238991116104
1829,0.49065335559380224,0.04003558861411797,0.4693110557920798,0.5907014756231591
1831,0.537984156665303,0.034277181557131865,0.42773866177756525,0.6124912149953204
1838,0.5052304115005989,0.04920534000393066,0.4455642484954705,0.5974123328626699
1852,0.5205849367116959,0.037651598762791734,0.4417634645255124,0.6044811146064578
1853,0.537984156665303,0.034277181557131865,0.42773866177756525,0.6124912149953204
1868,0.5287868666644253,0.03483637991041305,0.4363767534251617,0.6082570472332628
1878,0.5109054593557287,0.0401681614423544,0.44892637920191697,0.6000249616559374
